sqlzoo_id	title	yr	director	budget	gross	actors
21095	Titanic	1953	11567	1805000	2250000	2198::Thelma Ritter|2311::Robert Wagner|2463::Barbara Stanwyck|7705::Allyn Joslyn|9685::Richard Basehart|11568::Clifton Webb|15714::Audrey Dalton|21527::Brian Aherne|31536::Edmund Purdom|37235::Ron Hagerthy|45840::Harper Carter|45841::Frances Bergen|45843::Charles B. Fitzsimons
14647	Jurassic Park	1993	1375	63000000	914691118	185::Richard Attenborough|341::Samuel L. Jackson|2838::Whit Hertford|2896::Laura Dern|6790::Ariana Richards|7010::Jeff Goldblum|9101::Wayne Knight|10163::Sam Neill|20061::B. D. Wong|22441::Martin Ferrero|26845::Joseph Mazzello|26846::Bob Peck|26847::Cameron Thor|26848::Greg Burson
17707	Spider-Man	2002	3135	140000000	821708551	243::James Franco|1181::Cliff Robertson|4441::Willem Dafoe|5362::J. K. Simmons|9390::Rosemary Harris|11989::Kirsten Dunst|12217::Tobey Maguire|12459::Bill Nunn|17536::Elizabeth Banks|19768::Michael Papajohn|37023::Joe Manganiello
12786	E.T. the Extra-Terrestrial	2002	1375	10500000	792910554	181::Dee Wallace|230::Henry Thomas|1071::Drew Barrymore|3590::Peter Coyote|11427::Erika Eleniak|19201::Robert MacNaughton|19202::K. C. Martel
18781	The Da Vinci Code	2006	1396	125000000	758239851	1398::Paul Bettany|1917::Jürgen Prochnow|2370::Tom Hanks|3821::Alfred Molina|5039::Ian McKellen|5846::Audrey Tautou|7509::Jean Reno|24247::Jean-Yves Berteloot|28380::Jean-Pierre Marielle|37963::Seth Gabel|40030::Charlotte Graham|40031::Etienne Chicot|40032::Hugh Mitchell
13312	Forrest Gump	1994	1597	55000000	677387716	1376::Haley Joel Osment|2370::Tom Hanks|2582::Gary Sinise|2828::Dick Cavett|3939::Sally Field|4565::Mykelti Williamson|8397::Siobhan Fallon Hogan|13854::Tom Hanks|13859::Geoffrey Blake|15505::Grand L. Bush|17611::Robin Wright|19044::Peter Dobson|21552::Sam Anderson|21554::Sonny Shroyer|21555::Bill Roberson
20476	The Sixth Sense	1999	27847	40000000	672806292	274::Bruce Willis|997::Glenn Fitzgerald|1376::Haley Joel Osment|6334::Olivia Williams|6917::Donnie Wahlberg|14179::Toni Collette|24568::Mischa Barton|26850::Trevor Morgan|27847::M. Night Shyamalan
10672	Anchorman: The Legend of Ron Burgundy	2004	6510	26000000	90336354	446::Vince Vaughn|852::Luke Wilson|2105::David Koechner|2671::Fred Willard|2713::Will Ferrell|3526::Danny Trejo|4776::Jack Black|4856::Jerry Stiller|5714::Ben Stiller|5816::Christina Applegate|6510::Adam McKay|6511::Paul Rudd|6512::Steve Carell|6513::Chris Parnell|6514::Tim Robbins|6515::Seth Rogen|6516::Judd Apatow|6517::Paul F. Tompkins|6518::Jay Johnston|6519::Robin Antin|6520::Fred Armisen|6521::Jimmy Bennett
12397	Dead Man Walking	1995	6514	11000000	86387284	647::Sean Penn|1919::Susan Sarandon|4522::Celia Weston|4776::Jack Black|6331::Peter Sarsgaard|6434::Raymond J. Barry|7254::R. Lee Ermey|10699::Lois Smith|11118::Scott Wilson|12030::Robert Prosky|12073::Roberta Maxwell|17220::Michael Cullen
12896	Enemy of the State	1999	16274	90000000	250649836	695::Barry Pepper|1437::Jason Robards|1669::Regina King|1807::Gabriel Byrne|2158::Jason Lee|3958::Gene Hackman|4757::Philip Baker Hall|4772::Seth Green|4776::Jack Black|5083::Will Smith|5085::Jon Voight|6054::Scott Caan|6659::Lisa Bonet|6761::Jake Busey|7293::Loren Dean|8532::Ian Hart|8630::James LeGros|8708::Jamie Kennedy|9566::Larry King|10249::Jascha Washington|10278::Tom Sizemore|13212::Dan Butler|14304::Brian Markinson|15329::Stuart Wilson|15389::Bodhi Elfman|19662::Laura Cayouette
13973	High Fidelity	2000	1526	30000000		340::John Cusack|1275::Todd Louiso|3153::Lili Taylor|4274::Joan Cusack|4776::Jack Black|5917::Catherine Zeta-Jones|6083::Joelle Carter|6514::Tim Robbins|6659::Lisa Bonet|7061::Natasha Gregson Wagner|15395::Drake Bell|17529::Iben Hjejle|17675::Sara Gilbert|24312::Bruce Springsteen|24313::Ian Williams
18452	The Big Year	2011	39092	41000000	7410646	182::Brian Dennehy|950::Anthony Anderson|3146::Steve Martin|4271::Anjelica Huston|4776::Jack Black|5942::JoBeth Williams|6121::Tim Blake Nelson|6335::Rosamund Pike|6439::Owen Wilson|8155::Kevin Pollak|9916::Corbin Bernsen|11939::Rashida Jones|11957::Dianne Wiest|22284::Jim Parsons|22561::Jesse Moss|28884::Joel McHale|39093::Calum Worthy|39094::Veena Sood|39095::Stacey Scowley
10024	12 Monkeys	1995	273	29500000	168839459	274::Bruce Willis|275::Madeleine Stowe|276::Brad Pitt|277::Christopher Plummer|278::Jon Seda|279::Christopher Meloni|280::David Morse|281::Frank Gorshin|282::Vernon Campbell|283::Lisa Gay Hamilton|284::Bob Adrian|285::Simon Jones|286::Carol Florence|287::Bill Raymond|288::Thomas Roy
18978	The Fifth Element	1997	7648	90000000	263900000	274::Bruce Willis|394::Kim Chan|1043::Brion James|1302::Luke Perry|1599::Gary Oldman|2387::Ian Holm|2879::Milla Jovovich|5352::Al Matthews|8345::John Neville|13723::John Bluthal|17235::Chris Tucker|20162::John Bennett|22088::Lee Evans|23792::Charlie Creed-Miles|33466::Tom Lister Jr.|39432::Christopher Fairbank|40659::Tricky (Adrian Thaws)
12546	Die Hard	1988	9086	28000000	138708852	24::Reginald VelJohnson|274::Bruce Willis|2444::Taylor Fry|4202::Robert Davi|4212::Dennis Hayden|4215::Al Leong|5255::Alan Rickman|7203::Hart Bochner|7205::Bonnie Bedelia|7634::Paul Gleason|10409::William Atherton|11902::James Shigeta|15505::Grand L. Bush|18010::Alexander Godunov|18011::Andreas Wisniewski|18012::Clarence Gilyard|18013::Lorenzo Caccialanza|18014::Wilhelm von Homburg
16088	Nobody's Fool	1994	8594		39491975	117::Jessica Tandy|274::Bruce Willis|694::Philip Seymour Hoffman|2697::Paul Newman|3259::Melanie Griffith|3943::Josef Sommer|7103::Philip Bosco|8978::Gene Saks|8988::Pruitt Taylor Vince|11001::Dylan Walsh|31893::Catherine Dent
16147	Ocean's Eleven	2001	14366	85000000	450728529	276::Brad Pitt|1300::Andy García|5610::Matt Damon|5915::Julia Roberts|9141::George Clooney
14366	Inglourious Basterds	2009	17687	70000000	320351773	276::Brad Pitt|778::Michael Fassbender|9653::Mélanie Laurent|12754::Eli Roth|13345::Christoph Waltz|17789::Til Schweiger|25763::Diane Kruger
14399	Interview with the Vampire: The Vampire Chronicles	1994	6609	60000000	223664608	276::Brad Pitt|5620::Tom Cruise|5694::Christian Slater|6775::Stephen Rea|8768::Antonio Banderas|11989::Kirsten Dunst
13123	Fight Club	1999	5265	63000000	100900000	276::Brad Pitt|693::Edward Norton|3036::Helena Bonham Carter
17578	Snatch	2000	28764	10000000	83557872	111::Vinnie Jones|276::Brad Pitt|649::Benicio del Toro|676::Lennie James|5299::Sam Douglas|5339::Ewen Bremner|7085::Dennis Farina|14069::Jason Statham|14101::Dave Legeno|14966::Jason Flemyng|18411::Stephen Graham|20080::Alan Ford|23236::Adam Fogerty|30022::Robbie Gee|36623::Ade|36624::Mike Reid|36625::Goldie|36626::William Beck|36627::Nicola Collins|36628::Teena Collins|36629::Sorcha Cusack
21197	Traffic	2000	14366	46000000	207515725	649::Benicio del Toro|1091::Salma Hayek|1543::Michael Douglas|4563::Don Cheadle|4775::Jacob Vargas|5512::Dennis Quaid|5917::Catherine Zeta-Jones|6753::Luis Guzmán|7088::Miguel Ferrer|12218::Clifton Collins Jr.|20275::D.W. Moffett|21135::Erika Christensen|21413::Steven Bauer|25611::Topher Grace
20775	The Usual Suspects	1995	7351	6000000		90::Pete Postlethwaite|636::Kevin Spacey|649::Benicio del Toro|1303::Stephen Baldwin|1472::Chazz Palminteri|1696::Dan Hedaya|1807::Gabriel Byrne|5096::Giancarlo Esposito|8155::Kevin Pollak|8873::Peter Greene|11089::Suzy Amis
14703	Keeping the Faith	2000	693	29000000	59945183	45::Susie Essman|693::Edward Norton|1227::Anne Bancroft|5177::Holland Taylor|5714::Ben Stiller|5856::Milos¡ Forman|8371::Eli Wallach|10855::Brian George|13413::Rena Sofer|15102::Jenna Elfman|15389::Bodhi Elfman|16667::Lisa Edelstein|18897::Ron Rifkin|27055::Ken Leung|27056::Catherine Lloyd Burns
20094	The People vs. Larry Flynt	1996	5856	35000000	20300385	542::Courtney Love|603::Woody Harrelson|693::Edward Norton|942::Vincent Schiavelli|1346::Crispin Glover|8273::James Cromwell|10375::Norm Macdonald|12329::Miles Chapin|19308::Richard Paul|29682::James Carville|40323::Donna Hanover|43346::Burt Neuborne|43347::Larry Flynt
17072	Rounders	1998	26701		22912409	370::Melina Kanakaredes|693::Edward Norton|848::Gretchen Mol|1347::Martin Landau|3914::Michael Rispoli|5404::John Malkovich|5610::Matt Damon|6752::John Turturro|10376::Josh Mostel|14028::Famke Janssen|34892::Paul Cicero
10770	Apollo 13	1995	1396	52000000	355237933	913::Max Elliott Slade|1397::Ed Harris|1698::Kathleen Quinlan|2370::Tom Hanks|2582::Gary Sinise|3136::Bill Paxton|7287::Kevin Bacon|7288::David Andrews|7289::Chris Ellis|7290::Joe Spano|7291::Marc McClure|7292::Clint Howard|7293::Loren Dean|7294::Mary Kate Schellhardt|7295::Emily Ann Lloyd|7296::Miko Hughes
16540	Planes, Trains and Automobiles	1987	16469	15000000	150823000	490::John Candy|1496::Edie McClurg|2667::Michael McKean|3146::Steve Martin|4123::Dylan Baker|6393::Laila Robins|7287::Kevin Bacon|10378::Larry Hankin|11822::William Windom|13840::Ben Stein|16159::Lyman Ward|17616::Bill Erwin|20148::Olivia Burnette|20184::Richard Herd|30945::Matthew Lawrence
21912	X-Men: First Class	2011	27084	140	353624124	600::Oliver Platt|733::Rose Byrne|762::James Remar|778::Michael Fassbender|4755::Glenn Morshower|6135::January Jones|7287::Kevin Bacon|7656::James McAvoy|7794::Matt Craven|7909::Edi Gathegi|9192::Lucas Till|10307::Brendan Fehr|14966::Jason Flemyng|14968::Nicholas Hoult|18195::Michael Ironside|22277::Jennifer Lawrence|22998::Ray Wise|24550::Aleksander Krupa|26108::Zoë Kravitz|27649::Don Creech|37383::Rade Sherbedgia|42077::Caleb Landry Jones|47854::Álex González|47855::Annabelle Wallis
14548	JFK	1991	4932	40000000	205400000	441::Brian Doyle-Murray|466::Donald Sutherland|490::John Candy|956::Sissy Spacek|1269::Joe Pesci|1599::Gary Oldman|1805::Laurie Metcalf|1928::Walter Matthau|2895::Kevin Costner|2924::Tommy Lee Jones|3899::Michael Rooker|4828::Jack Lemmon|6702::Jay O. Sanders|7287::Kevin Bacon|9101::Wayne Knight|23364::Edward Asner|26520::Beata Pozniak|26521::Don McCoy
11125	Being John Malkovich	1999	4265			340::John Cusack|1326::Catherine Keener|2384::Cameron Diaz|5306::Orson Bean|5404::John Malkovich|9683::Mary Kay Place
12323	Dangerous Liaisons	1988	1526	14000000		140::Glenn Close|2630::Michelle Pfeiffer|5404::John Malkovich
17072	Rounders	1998	26701		22912409	370::Melina Kanakaredes|693::Edward Norton|848::Gretchen Mol|1347::Martin Landau|3914::Michael Rispoli|5404::John Malkovich|5610::Matt Damon|6752::John Turturro|10376::Josh Mostel|14028::Famke Janssen|34892::Paul Cicero
19778	The Man in the Iron Mask	1998	35610	35000000	182968902	145::Hugh Laurie|174::Gérard Depardieu|1556::Jeremy Irons|1807::Gabriel Byrne|2249::Leonardo DiCaprio|5404::John Malkovich|6331::Peter Sarsgaard|13389::Edward Atterton|25776::Anne Parillaud|34544::Judith Godrèche|42613::Peter Saarsgard|42614::David Lowe
16064	No Country for Old Men	2007	3091	25000000	171627166	41::Stephen Root|603::Woody Harrelson|2924::Tommy Lee Jones|5441::Beth Grant|5957::Josh Brolin|7181::Barry Corbin|9607::Javier Bardem|16261::Tess Harper|19502::Kelly Macdonald|31840::Garret Dillahunt
20664	The Thin Red Line	1998	8677	52000000	98126565	340::John Cusack|603::Woody Harrelson|647::Sean Penn|788::Mark Boone Junior|1038::Nick Nolte|1344::John C. Reilly|1694::John Travolta|3522::Elias Koteas|4405::Don Harvey|4935::Jared Leto|6121::Tim Blake Nelson|6707::Adrien Brody|8598::John Savage|8709::Kirk Acevedo|9093::Dash Mihok|9141::George Clooney|11221::Jim Caviezel|11360::Thomas Jane|12759::Arie Verveen|18275::Nick Stahl|21126::Miranda Otto|28770::Larry Romano|28928::Ben Chaplin|29256::Danny Hoch|44790::Penny Allen|44791::Paul Gleeson|44792::John Dee Smith
14773	Kingpin	1996	27299	27000000	25023434	603::Woody Harrelson|1680::Lin Shaye|3020::Steve Tyler|8460::Randy Quaid|9247::Richard Tyson|12753::Chris Elliott|12792::Bill Murray|19120::Rob Moran|20728::Willie Garson|20729::Zen Gesner|23498::Vanessa Angel|27300::William Jordan|27301::Danny Greene
10885	Austin Powers 2	1999	8050	33000000	312016858	603::Woody Harrelson|850::Kevin Durand|1089::Mike Myers|1099::Michael York|1667::Jennifer Coolidge|2311::Robert Wagner|2671::Fred Willard|2713::Will Ferrell|3859::Rob Lowe|4772::Seth Green|5464::Tony Jay|6151::Elvis Costello|6514::Tim Robbins|6759::Heather Graham|7292::Clint Howard|7469::Elizabeth Hurley|8052::Mindy Sterling|8053::Verne Troyer|8054::Gia Carides|8055::Oliver Muirhead|8056::Kristen Johnston|8057::Jeff Garlin|8058::John Mahon|8059::Michael McDonald|8060::Burt Bacharach|8061::Jerry Springer|8062::Steve Wilkos|8063::Rebecca Romijn|8064::J.P. Manoux|8065::Mitch Rouse|8066::Willie Nelson
20959	There's Something About Mary	1998	45523	23000000	369884651	1680::Lin Shaye|2318::Matt Dillon|2384::Cameron Diaz|4655::Keith David|5714::Ben Stiller|8459::Harland Williams|9247::Richard Tyson|10179::Jeffrey Tambor|12753::Chris Elliott|14008::Khandi Alexander|19120::Rob Moran|20055::W. Earl Brown|20728::Willie Garson|22088::Lee Evans|23935::Sarah Silverman|45524::Markie Post|45525::Brett Favre|45526::Jonathan Richman
20336	The Royal Tenenbaums	2002	11520	21000000	71441250	602::Danny Glover|852::Luke Wilson|2888::Gwyneth Paltrow|3958::Gene Hackman|4271::Anjelica Huston|5714::Ben Stiller|11523::Andrew Wilson|12792::Bill Murray
15530	Meet the Parents	2000	8050	55000000		412::Blythe Danner|5714::Ben Stiller|6439::Owen Wilson|7770::Teri Polo|30050::Robert De Niro
15593	Midnight in the Garden of Good and Evil	1997	1987	30000000	25000000	224::Geoffrey Lewis|340::John Cusack|636::Kevin Spacey|1377::Jude Law|1522::Kim Hunter|3155::Irma P. Hall|4058::Bob Gunton|8104::Jack Thompson|8639::Paul Hipp|11748::Alison Eastwood|20184::Richard Herd|30257::The Lady Chablis
19847	The Men Who Stare at Goats	2009	10663	24000000	67348218	41::Stephen Root|636::Kevin Spacey|1296::Jeff Bridges|2383::Ewan McGregor|4755::Glenn Morshower|5614::Robert Patrick|9141::George Clooney|40270::Rebecca Mader|42802::George Clooney|42803::Waleed Zuaiter
10886	Austin Powers in Goldmember	2002	8050	63000000	296655431	636::Kevin Spacey|1089::Mike Myers|1099::Michael York|1375::Steven Spielberg|1694::John Travolta|2311::Robert Wagner|2888::Gwyneth Paltrow|3426::Tiny Lister|4285::Nathan Lane|4772::Seth Green|5015::Michael Caine|5620::Tom Cruise|5720::Masi Oka|6759::Heather Graham|7194::Danny DeVito|7292::Clint Howard|8052::Mindy Sterling|8053::Verne Troyer|8056::Kristen Johnston|8059::Michael McDonald|8060::Burt Bacharach|8066::Willie Nelson|8067::BeyoncÃ© Knowles|8068::Fred Savage|8069::Diane Mizota|8070::Carrie Ann Inaba|8071::Nobu Matsuhisa|8072::Aaron Himelstein|8073::Josh Zuckerman|8074::Eddie Adams|8075::Evan Farmer|8076::Neil Mullarkey|8077::Jim Piddock|8078::Esther Scott|8079::Leyna Nguyen|8080::Jeanette Charles|8081::Brian Tee|8083::Greg Grunberg|8084::Kinga Philipps|8085::Scott Aukerman|8086::Kevin Stea|8087::Anna-Marie Goddard|8088::Ming Tea|8089::Susanna Hoffs|8090::Matthew Sweet|8091::Christopher Ward|8092::Katie Couric|8093::Kari Houghtaling|8094::Erik von Detten|8095::Quincy Jones|8096::Britney Spears
13559	Glengarry Glen Ross	1992	4524	12500000	10725228	636::Kevin Spacey|1251::Al Pacino|1397::Ed Harris|3506::Jonathan Pryce|4828::Jack Lemmon|5172::Alec Baldwin|8665::Alan Arkin
14536	Jerry Maguire	1996	5647	50000000	273552592	225::Kelly Preston|749::Eric Stoltz|1275::Todd Louiso|1308::RenÃ©e Zellweger|1492::Bonnie Hunt|1669::Regina King|5620::Tom Cruise|7464::Jay Mohr|7492::Mark Pellington|7690::Cuba Gooding Jr.|8769::Lucy Liu|9524::Toby Huss|12183::Jeremy Suarez|15395::Drake Bell|21405::Beau Bridges|26476::Jonathan Lipnicki|26477::Aries Spears|26478::Jared Jussim|26479::Glenn Frey|26480::Christina Cavanaugh
21446	Valkyrie	2010	7351		200276784	1019::Tom Wilkinson|2116::Kenneth Cranham|2691::Kenneth Branagh|4118::Eddie Izzard|5319::Terence Stamp|5620::Tom Cruise|6287::David Schofield|7657::Bill Nighy|10774::Thomas Kretschmann|16429::Kevin McNally|21142::Christian Berkel|25244::David Bamber|34368::Carice van Houten|46727::Jamie Parker|46728::Harvey Friedman|46729::Matthias Freihof
13009	Eyes Wide Shut	1999	565	65000000	162091208	849::Vinessa Shaw|1253::Leelee Sobieski|3938::Sydney Pollack|5620::Tom Cruise|6970::Alan Cumming|8102::Nicole Kidman|8963::Thomas Gibson|9049::Leon Vitali|12108::Todd Field|17000::Sky du Mont|20174::Marie Richardson|20175::Julienne Davis
15366	Magnolia	1999	11356	37000000	48451803	47::Luis Guzman|101::Clark Gregg|694::Philip Seymour Hoffman|1344::John C. Reilly|1437::Jason Robards|1616::Melinda Dillon|1697::William H. Macy|2867::Henry Gibson|3523::Patton Oswalt|3821::Alfred Molina|4568::Michael Bowen|4757::Philip Baker Hall|5620::Tom Cruise|6364::Julianne Moore|6428::Michael Murphy|7064::William Mapother|8282::Miriam Margolyes|8631::Jim Beaver|9523::Orlando Jones|11360::Thomas Jane|11361::Melora Walters|11363::Ricky Jay|14687::Felicity Huffman|19087::Mary Lynn Rajskub|20808::April Grace|24552::Neil Flynn|29508::see|29509::Cast|29510::Jeremy Blackman
20050	The Outsiders	2005	7246		25697647	233::Patrick Swayze|2318::Matt Dillon|2449::Diane Lane|2794::Heather Langenkamp|3859::Rob Lowe|5620::Tom Cruise|7084::Emilio Estevez|7180::William Smith|7832::Tom Waits|10815::Gailard Sartain|18248::Ralph Macchio|22461::C. Thomas Howell|29349::Leif Garrett|31430::Michelle Meyrink|32962::Glenn Withrow|34264::Darren Dalton|34992::S. E. Hinton|43192::Nicholas Cage
19341	The Hours	2003	10351	25000000	108846072	141::Jeff Daniels|214::Allison Janney|717::Margo Martindale|1020::Stephen Dillane|1344::John C. Reilly|1385::Meryl Streep|1397::Ed Harris|6364::Julianne Moore|8102::Nicole Kidman|12074::Claire Danes|12870::Linda Bassett|14179::Toni Collette|14464::Miranda Richardson|24243::Lyndsey Marshal
15830	Muriel's Wedding	1994	15733	9000000		8547::Bill Hunter|11071::Rachel Griffiths|11411::Sophie Lee|14179::Toni Collette|18480::Jeanie Drynan|27983::Daniel Lapaine|31029::Matt Day|31030::Roz Hammond|31031::Pippa Grandison
12877	Emma	1996	14030			2383::Ewan McGregor|2888::Gwyneth Paltrow|6163::Jeremy Northam|6970::Alan Cumming|9626::Phyllida Law|9803::Juliet Stevenson|11666::James Cosmo|11880::Greta Scacchi|14179::Toni Collette|14971::Polly Walker|19302::Sophie Thompson|19558::Edward Woodall
15146	Little Miss Sunshine	2006	24994			6512::Steve Carell|7689::Greg Kinnear|8665::Alan Arkin|14179::Toni Collette|16030::Paul Dano|17535::Abigail Breslin
15677	Mona Lisa Smile	2003	6320	65000000	141337989	205::Julia Stiles|709::Dominic West|990::Maggie Gyllenhaal|4447::Marian Seldes|5915::Julia Roberts|5946::Marcia Gay Harden|8604::John Slattery|9803::Juliet Stevenson|11989::Kirsten Dunst|23864::Ginnifer Goodwin|25611::Topher Grace|29542::Lisa Roberts Gillan|30506::Ebon Moss-Bachrach|30507::Laura Allen|30508::Emily Bauer|30509::Tori Amos
12944	Eternal Sunshine of the Spotless Mind	2004	9297	20000000	72258126	308::Mark Ruffalo|1019::Tom Wilkinson|1343::Elijah Wood|1598::Jim Carrey|2277::Kate Winslet|5812::David Cross|9169::Jane Adams|11989::Kirsten Dunst|19899::Thomas Jay Ryan
21530	Wag the Dog	1997	6340	15000000	64256513	364::Robert De Niro|603::Woody Harrelson|1489::Denis Leary|1697::William H. Macy|2105::David Koechner|4200::Craig T. Nelson|4573::John Michael Higgins|4646::Dustin Hoffman|5541::Andrea Martin|8066::Willie Nelson|11989::Kirsten Dunst|14021::Anne Heche|18213::Suzie Plakson|21904::Suzanne Cryer|46939::Michael Belson|46940::Jason Cottle
18093	Taxi Driver	1976	2898	1300000	28262574	364::Robert De Niro|2898::Martin Scorsese|5175::Cybill Shepherd|5194::Jodie Foster|5195::Harvey Keitel|5197::Harry Northup|5939::Steven Prince|6627::Victor Argo|10129::Peter Boyle|10290::Joe Spinell|12029::Albert Brooks|38133::Leonard Harris
16781	Raging Bull	1980	2898	18000000	23380203	364::Robert De Niro|1269::Joe Pesci|4049::Frank Adonis|7087::Cathy Moriarty|13814::Frank Vincent|17525::Theresa Saldana|20345::Nicholas Colasanto
13639	Goodfellas	1990	2898	25000000	46836394	364::Robert De Niro|1269::Joe Pesci|3480::Paul Sorvino|7671::Ray Liotta|19951::Lorraine Bracco
17055	Ronin	1998	1080	55000000	290000000	364::Robert De Niro|1097::Skipp Sudduth|3081::Bernard Bloch|3506::Jonathan Pryce|4692::Michael Lonsdale|6155::Stellan Skarsgård|7509::Jean Reno|10510::Sean Bean|14863::Natascha McElhone|29036::Féodor Atkine|34818::Jan Triska|34819::Katarina Witt
16630	Pretty Woman	1990	9323	14000000	463407268	150::Jason Alexander|4760::Ralph Bellamy|5906::Richard Gere|5915::Julia Roberts|5968::Hector Elizondo|18835::Amy Yasbeck|20076::Laurelle Brooks Mehus|22719::Alex Hyde-White|31881::Judith Baldwin|32246::Laura San Giacomo|33544::John David Carson|33545::Elinor Donahue
16123	Notting Hill	1999	14178	43000000	363889700	146::Tim McInnerny|147::John Shrapnel|5172::Alec Baldwin|5276::Omid Djalili|5915::Julia Roberts|5945::Hugh Grant|7032::Rhys Ifans|11970::Emily Mortimer|12509::Hugh Bonneville|16353::Gina McKee|24568::Mischa Barton|26079::Sanjeev Bhaskar|31976::Emma Chambers|31977::James Dreyfus|31978::Richard McCabe|31979::Dylan Moran
12920	Erin Brockovich	2000	14366	51000000	256271286	2106::Albert Finney|3590::Peter Coyote|5908::Cherry Jones|5915::Julia Roberts|7176::Aaron Eckhart|8581::Marg Helgenberger|14902::Tracey Walter|17307::Conchata Ferrell|19775::Erin Brockovich|19776::Veanne Cox|19777::Scotty Leavenworth|19778::Gemmenne de la PeÃ±a|19779::Gina Gallego|19780::T.J. Thyne|19781::Valente Rodriguez
20090	The Pelican Brief	1993	5596	45000000	195268056	116::Hume Cronyn|586::John Lithgow|2388::Stanley Tucci|3182::Denzel Washington|3584::Tony Goldwyn|4535::John Heard|5613::Sam Shepard|5915::Julia Roberts|10409::William Atherton|11207::Robert Culp|13143::James Sikking
12125	Conspiracy Theory	1997	383	80000000	136982834	383::Richard Donner|385::Cylk Cozart|396::Steve Kahan|4711::Mel Gibson|5915::Julia Roberts|8941::Sean Patrick Thomas|11002::Rick Hoffman|14460::Patrick Stewart|15815::Pete Koch|15816::Dean Winters|15817::Joan Lunden|15818::Tom Schanley
18504	The Bonfire of the Vanities	1990	11088		15691192	274::Bruce Willis|376::Kim Cattrall|2370::Tom Hanks|3189::John Hancock|3259::Melanie Griffith|3409::Robert Stephens|4255::Adam LeFevre|4595::Saul Rubinek|5524::Richard Libertini|5605::F. Murray Abraham|5657::Kevin Dunn|6152::Morgan Freeman|6755::Kurt Fuller|8116::Alan King|8119::Rita Wilson|8620::Louis Giambalvo|9367::Mary Alice|10602::Clifton James|11989::Kirsten Dunst|15009::Donald Moffat|23049::Andre Gregory|33580::Geraldo Rivera|39254::Beth Broderick
15812	Mulholland Falls	1996	5709	29000000	11526099	249::Treat Williams|751::Louise Fletcher|1024::Michael Madsen|1038::Nick Nolte|1345::Jennifer Connelly|1472::Chazz Palminteri|3259::Melanie Griffith|3859::Rob Lowe|4527::Bruce Dern|4570::Chris Penn|5404::John Malkovich|6600::Kyle Chandler|14986::Andrew McCarthy|23740::Daniel Baldwin|30971::William L. Petersen|30972::Aaron Neville
20953	Thelma & Louise	1991	351	16500000		276::Brad Pitt|1024::Michael Madsen|1919::Susan Sarandon|2368::Geena Davis|4268::Stephen Tobolowsky|5195::Harvey Keitel|10014::Timothy Carhart|11758::Christopher McDonald|19199::Marco St. John|22144::Jason Beghe
17602	Solitary Man	2010	27475	15000000	5024782	737::Imogen Poots|803::Jesse Eisenberg|1543::Michael Douglas|1919::Susan Sarandon|7194::Danny DeVito|10783::Jenna Fischer|11592::Mary-Louise Parker|14030::Douglas McGrath|16144::Richard Schiff|22564::Bruce Altman|23657::Arthur J. Nascarella|26844::Olivia Thirlby|36698::Mary Louise Parker|36699::Gillian Jacobs
20321	The Rocky Horror Picture Show	1975	36100	1200000	139080000	149::Barry Bostwick|1919::Susan Sarandon|6150::Meat Loaf|6978::Tim Curry|17875::Charles Gray|30632::Patricia Quinn|36102::Nell Campbell|43954::Jonathan Adams|43955::Peter Hinwood
10501	Alfie	2004	5021	60000000	35150546	1377::Jude Law|1919::Susan Sarandon|4596::Omar Epps|5022::Marisa Tomei|5023::Renée Taylor|5024::Jane Krakowski|5025::Jeff Harding|5026::Kevin Rahm|5027::Nia Long|5028::Max Morris|5029::Gedde Watanabe|5030::Jo Yang|5031::Tara Summers|5032::Sam Vincenti|5033::Jefferson Mays|5034::Dick Latessa|5035::Sienna Miller
12886	Enchanted	2007	169	85000000	340487652	154::Jeff Bennett|702::James Marsden|1348::Fred Tatasciore|1919::Susan Sarandon|5257::Timothy Spall|8906::Patrick Dempsey|13933::Amy Adams|19597::Idina Menzel|19598::Rachel Covey|19599::Jon McLaughlin
11853	Charlie's Angels	2000	14234	75000000	264105545	328::Sam Rockwell|852::Luke Wilson|1071::Drew Barrymore|1346::Crispin Glover|2384::Cameron Diaz|6978::Tim Curry|7175::LL Cool J|8769::Lucy Liu|12792::Bill Murray|14236::John Forsythe|14237::Matt LeBlanc|14245::Kelly Lynch|14246::Tom Green|14247::Sean Whalen|14248::Alex Trebek|14249::Karen McDougal
12662	Donnie Darko	2001	18597	4500000	4116307	233::Patrick Swayze|990::Maggie Gyllenhaal|1071::Drew Barrymore|3019::James Duval|4443::Holmes Osborne|5356::Ashley Tisdale|5441::Beth Grant|6515::Seth Rogen|8264::Stuart Stone|11098::Mary McDonnell|12070::Jake Gyllenhaal|12622::Katharine Ross|15365::Jena Malone|18598::Noah Wyle|18599::Daveigh Chase|18600::Alex Greenwald|18601::Patience Cleveland|18602::Jolene Purdy|18603::Jerry Trainor
11359	Blue Velvet	1986	11172	6000000	8551228	2810::Hope Lange|2817::Priscilla Pointer|2896::Laura Dern|4529::George Dickerson|4746::Dean Stockwell|5332::Brad Dourif|5738::Dennis Hopper|7421::Frances Bay|8984::Jack Nance|10260::Isabella Rossellini|11173::Kyle MacLachlan
21794	Wild at Heart	1990	11172			711::Diane Ladd|1321::Nicolas Cage|1340::Harry Dean Stanton|1346::Crispin Glover|2896::Laura Dern|4441::Willem Dafoe|10260::Isabella Rossellini
15478	Mask	1985	1113		108144200	749::Eric Stoltz|2839::Kelly Jo Minter|2896::Laura Dern|9013::Sam Elliott|9823::Harry Carey Jr.|12524::Cher|17233::Alexandra Powers|21831::Lawrence Monoson|23709::Richard Dysart|29718::Estelle Getty|29870::Dennis Burkley|29871::Les Dudek
17286	Sense and Sensibility	1996	12069		134993774	145::Hugh Laurie|198::Robert Hardy|1019::Tom Wilkinson|2277::Kate Winslet|5255::Alan Rickman|5945::Hugh Grant|6332::Emma Thompson|7071::Imelda Staunton|7929::Harriet Walter|11905::Gemma Jones|21621::James Fleet|26618::Greg Wise|35673::Emma Thompson|35674::Imogen Stubbs|35675::Emilie François|35676::Elizabeth Spriggs|35677::Richard Lumsden
13138	Finding Neverland	2004	20819	25000000	118676606	192::Jimmy Gardner|2111::Freddie Highmore|2277::Kate Winslet|2797::Johnny Depp|4646::Dustin Hoffman|5888::Toby Jones|8532::Ian Hart|10368::Julie Christie|12521::Paul Whitehouse|14255::Eileen Essell|14859::Mackenzie Crook|19502::Kelly Macdonald|20648::Radha Mitchell|20820::Nick Roud|20821::Joe Prospero|20822::Oliver Fox|20823::Angus Barnett|20824::Kate Maberly|20825::Matt Green
13759	Hamlet	1996	2691	18000000	4708156	174::Gérard Depardieu|185::Richard Attenborough|1120::Charlton Heston|1384::Robin Williams|1564::Richard Briers|2277::Kate Winslet|2332::Rufus Sewell|2620::Judi Dench|2691::Kenneth Branagh|4828::Jack Lemmon|4951::Brian Blessed|5257::Timothy Spall|5889::Nicholas Farrell|5916::Billy Crystal|6370::Simon Russell Beale|7332::John Gielgud|8289::Michael Maloney|9110::Derek Jacobi|9390::Rosemary Harris|10368::Julie Christie|11975::John Mills|14861::Ian McElhinney|23548::Reece Dinsdale|23549::Ken Dodd
17443	Shrek	2001	36205	60000000	484409218	155::Jim Cummings|586::John Lithgow|1039::Eddie Murphy|1089::Mike Myers|1801::Vincent Cassel|2384::Cameron Diaz|4894::Frank Welker|9570::Simon J. Smith|19174::Kathleen Freeman|29382::Elisa Gabrielli|29383::Chris Miller|29384::Christopher Knights|29385::Conrad Vernon|36205::Andrew Adamson|36206::Mike Myers|36207::Cody Cameron|36208::Aron Warner
15846	My Best Friend's Wedding	1997	15733	46000000	299288605	2384::Cameron Diaz|2631::Rupert Everett|2668::Harry Shearer|3828::Dermot Mulroney|4842::M. Emmet Walsh|5915::Julia Roberts|6113::Paul Giamatti|7103::Philip Bosco|11071::Rachel Griffiths|16524::Chris Masterson|19165::Carrie Preston|31101::Susan Sullivan
13466	Gangs of New York	2002	2898	97000000	193772504	230::Henry Thomas|653::Eddie Marsan|723::Brendan Gleeson|1344::John C. Reilly|2249::Leonardo DiCaprio|2335::Roger Ashton-Griffiths|2384::Cameron Diaz|2641::John Sessions|2770::Alec McCowen|2898::Martin Scorsese|2932::Liam Neeson|3038::Daniel Day-Lewis|4266::Cara Seymour|5037::David Hemmings|7106::Jim Broadbent|10353::Gary Lewis|10937::Michael Byrne|18411::Stephen Graham|22261::Larry Gilliard Jr.|22262::Barbara Bouchet|22263::Richard Graham|22264::Giovanni Lombardo Radice
10222	A Life Less Ordinary	1997	242			343::Tony Shalhoub|1696::Dan Hedaya|2383::Ewan McGregor|2384::Cameron Diaz|2385::Holly Hunter|2386::Delroy Lindo|2387::Ian Holm|2388::Stanley Tucci|2389::Maury Chaykin|2390::K.K. Dodds|2391::Ian McNeice|2392::Christopher Gorham|2393::Timothy Olyphant
20622	The Talented Mr. Ripley	1999	7933	40000000	128798265	694::Philip Seymour Hoffman|1306::James Rebhorn|1377::Jude Law|2888::Gwyneth Paltrow|4522::Celia Weston|4757::Philip Baker Hall|5610::Matt Damon|6362::Cate Blanchett|33240::Jack Davenport|43278::Sergio Rubini
11696	Capote	2005	13123	7000000	49233161	588::Bob Balaban|694::Philip Seymour Hoffman|1326::Catherine Keener|2812::Marshall Bell|3452::Chris Cooper|7466::C. Ernst Harth|8296::Clifton Collins Jr.|9005::Bruce Greenwood|13124::Mark Pellegrino|13125::Amy Ryan|13126::R.D. Reid
11399	Boogie Nights	1997	11356	15000000	43101594	694::Philip Seymour Hoffman|1344::John C. Reilly|1697::William H. Macy|3821::Alfred Molina|4563::Don Cheadle|4757::Philip Baker Hall|6364::Julianne Moore|6753::Luis Guzmán|6759::Heather Graham|7823::Burt Reynolds|10827::Robert Ridgely|11357::Mark Wahlberg|11358::Nicole Ari Parker|11359::Nina Hartley|11360::Thomas Jane|11361::Melora Walters|11362::Michael Jace|11363::Ricky Jay|11364::Joanna Gleason|11365::Laurel Holloman|11366::Michael Penn|11367::Robert Downey Sr.|11368::John Doe
16702	Punch-Drunk Love	2002	11356	25000000	24665649	694::Philip Seymour Hoffman|1070::Adam Sandler|6684::Emily Watson|6753::Luis Guzmán|10383::Robert Smigel|19087::Mary Lynn Rajskub
13204	Flawless	1999	1320	15000000	4485485	364::Robert De Niro|694::Philip Seymour Hoffman|1325::Chris Bauer|7652::Penny Balfour|14374::Victor Rasuk|17166::Rory Cochrane|20287::Barry Miller|21074::Robert De Niro|21075::Wilson Jermaine Heredia|21076::Daphne Rubin-Vega|21077::Jude Ciccolella|21078::Mina Bern
15682	Moneyball	2011	13123	50000000		276::Brad Pitt|648::Naomi Watts|694::Philip Seymour Hoffman|3980::Jonah Hill|4265::Spike Jonze|15164::Greg Cipes|16586::Michelle Ruff|17611::Robin Wright|19000::Hynden Walch|19788::Scott Menville|27194::Ben Diskin|30276::Johnny Yong Bosch|30515::Chris Pratt|30516::Casey Bond|30517::Stephen Bishop|30518::Royce Clayton|30519::Kerris Dorsey|30520::Robert Kotick|30521::Crispin Freeman|30522::Kate Higgins|30523::Yuri Lowenthal|30524::Nolan North|30525::Mari Devon|30526::Wendee Lee|30527::Quinton Flynn|30528::Ashley Johnson
18435	The Big Lebowski	1998	3091			326::Steve Buscemi|329::Peter Stormare|694::Philip Seymour Hoffman|1296::Jeff Bridges|4488::David Thewlis|5695::Tara Reid|5965::Jon Polito|6364::Julianne Moore|6501::Ben Gazzara|6752::John Turturro|7417::John Goodman|8597::David Huddleston|9013::Sam Elliott|13124::Mark Pellegrino|15915::Jack Kehler|18646::Leon Russom|39063::Jimmie Dale Gilmore|39064::Asia Carrera
11609	Butch Cassidy and the Sundance Kid	1969	2448	6000000	102118287	556::Percy Helton|837::Henry Jones|2697::Paul Newman|3031::Robert Redford|3504::Cloris Leachman|3554::George Furth|9013::Sam Elliott|9599::Jeff Corey|12622::Katharine Ross|12623::Strother Martin|12624::Ted Cassidy|12625::Kenneth Mars|12626::Donnelly Rhodes|12627::Don Keefer|12628::Charles Dierkop|12629::Pancho Córdova|12630::Nelson Olmsted|12631::Eric Sinclair|12632::José Chávez|12633::Dave Dunlop|12634::Enrique Lucero|12635::Thurl Ravenscroft|12636::Jorge Russek
11790	Cat on a Hot Tin Roof	1958	3	3000000	26355483	2428::Elizabeth Taylor|2697::Paul Newman|3233::Jack Carson|3876::Larry Gates|6564::Judith Anderson|8374::Madeleine Sherwood|13912::Burl Ives|13913::Vaughn Taylor
12139	Cool Hand Luke	1967	12259			2697::Paul Newman|4834::George Kennedy|5738::Dennis Hopper|10602::Clifton James|12437::Luke Askew|12623::Strother Martin|13117::Joe Don Baker|13926::Robert Donner|14353::Ralph Waite|15796::Buck Kartalian|15873::J.D. Cannon|15874::Lou Antonio|15875::Robert Drivas|15876::Jo Van Fleet|15877::Morgan Woodward|15878::Richard Davalos|15879::Warren Finnerty|15880::Wayne Rogers|15881::Andre Trottier|15882::Dean Stanton|15883::Anthony Zerbe|15884::Joy Harmon
19386	The Hustler	1961	4975	2000000		480::Murray Hamilton|2697::Paul Newman|6502::George C. Scott|7330::Piper Laurie|13409::Stefan Gierasch|22550::Jackie Gleason|31891::Myron McCormick
20553	The Sting	1973	2448	5500000		595::Dana Elcar|2523::Robert Shaw|2697::Paul Newman|2868::Dimitra Arliss|3031::Robert Redford|6839::Sally Kirkland|7825::Eileen Brennan|9793::Lee Paul|12236::Harold Gould|12628::Charles Dierkop|13251::Jack Kehoe|13909::Charles Durning|14224::Larry D. Mann|16713::Ray Walston|17880::Leonard Barr|19566::Jack Collins|20188::Joe Tornatore|36504::Robert Earl Jones|44523::James Sloyan
16029	Night at the Museum	2006	10217	110000000	574480841	672::Steve Coogan|1384::Robin Williams|1495::Brad Garrett|1955::Mickey Rooney|4728::Bill Cobbs|5714::Ben Stiller|5964::Carla Gugino|6439::Owen Wilson|6511::Paul Rudd|6693::Pierfrancesco Favino|12704::Dick Van Dyke|21437::Ricky Gervais|21910::Jake Cherry|27948::Rami Malek|31100::Brad Garret|31723::Mizuo Peck|31724::Patrick Gallagher|31725::Kim Raver|31726::Crystal the Monkey|31727::Anne Meara-Stiller
15135	Little Fockers	2010	5944	100000000	310650585	364::Robert De Niro|412::Blythe Danner|606::Thomas McCarthy|2896::Laura Dern|3239::Barbra Streisand|4646::Dustin Hoffman|5195::Harvey Keitel|5714::Ben Stiller|5958::Yul Vazquez|6439::Owen Wilson|7770::Teri Polo|8185::Jessica Alba|17326::Kevin Hart|17722::Rob Huebel|19759::Sergio CalderÃ³n|28655::Colin Baiocchi|28656::Daisy Tahan|28657::Jack Axelrod|28658::Clent Bowers|28659::Olga Fonda|28660::Laksh Singh|28661::Jake Keiffer|28662::Deepak Chopra|28663::Amy Stiller|28664::Harry Bali|28665::Celina Zambón|28666::Joseph Mazurk
15592	Midnight in Paris	2011	2643	17000000	143693474	1705::Kathy Bates|2107::Marion Cotillard|5256::Michael Sheen|6439::Owen Wilson|6707::Adrien Brody|6755::Kurt Fuller|11938::Corey Stoll|15739::Alison Pill|19095::Mimi Kennedy|28975::LÃ©a Seydoux|30015::Rachel McAdams|30252::Carla Bruni|30253::Nina Arianda|30254::Tom Hiddleston|30255::Sonia Rolland|30256::Gad Elmaleh
17352	Shanghai Noon	2000	20249	55000000	99274467	618::Henry O|4747::Xander Berkeley|6439::Owen Wilson|7516::Jackie Chan|8769::Lucy Liu|10551::Roger Yuan|16034::Walton Goggins|19629::Yuen Biao|26008::Yu Rongguang|34996::Garvin Cross|35896::Brandon Merrill|35897::Kate Luyben|35898::Jason Connery|35899::Simon R. Baker|35900::Eric Chen
13053	Fantastic Mr. Fox	2009	11520	40000000	46471023	698::Brian Cox|1385::Meryl Streep|1923::Michael Gambon|4441::Willem Dafoe|6439::Owen Wilson|6707::Adrien Brody|7256::Roman Coppola|9141::George Clooney|10059::Jason Schwartzman|11520::Wes Anderson|12792::Bill Murray|13776::Helen McCrory|15383::Wallace Wolodarsky|20440::Eric Chase Anderson|20441::Jarvis Cocker|20442::Garth Jennings
18789	The Darjeeling Limited	2007	11520		35078918	2657::Irrfan Khan|4271::Anjelica Huston|6439::Owen Wilson|6707::Adrien Brody|7202::Natalie Portman|8982::Barbet Schroeder|10059::Jason Schwartzman|12792::Bill Murray|15383::Wallace Wolodarsky|25210::Waris Ahluwalia|40049::Amara Karan|40050::Camilla Rutherford
19633	The Life Aquatic with Steve Zissou	2004	11520	50000000	34808403	100::Matthew Gray Gubler|1923::Michael Gambon|4271::Anjelica Huston|4441::Willem Dafoe|5652::Noah Taylor|6362::Cate Blanchett|6439::Owen Wilson|7010::Jeff Goldblum|11821::Bud Cort|12792::Bill Murray|14872::Seu Jorge|25210::Waris Ahluwalia|42250::Robyn Cohen|42251::Antonio Monda|42252::Isabella Blow
11466	Breakfast of Champions	1999	11742	12000000	178278	232::Barbara Hershey|274::Bruce Willis|746::Glenne Headly|1038::Nick Nolte|2106::Albert Finney|2655::Will Patton|3159::Shawnee Smith|4596::Omar Epps|5740::Vicki Lewis|6439::Owen Wilson|10543::Michael Jai White|11743::Lukas Haas|11744::Buck Henry|11745::Ken Campbell|11746::Jake Johanssen|11747::Chip Zien|11748::Alison Eastwood|11749::Michael Duncan|11750::Kurt Vonnegut Jr.|11751::Doug Maughan
14099	Hot Tub Time Machine	2010	3978	36000000	61336869	247::Lizzy Caplan|340::John Cusack|429::Thomas Lennon|1346::Crispin Glover|3983::Diora Baird|8523::William Zabka|10526::Crystal Lowe|10691::Sebastian Stan|10784::Rob Corddry|12801::Chevy Chase|16601::Craig Robinson|23284::John Cusack|23315::Kellee Stewart|24812::Clark Duke|24813::Collette Wolfe|24814::Lyndsy Fonseca|24815::Charlie McDermott
17760	Stand by Me	1986	4930	8000000	52287414	340::John Cusack|503::Kiefer Sutherland|2812::Marshall Bell|2822::Bradley Gregg|5970::Richard Dreyfuss|10397::Casey Siemaszko|11430::Corey Feldman|18405::River Phoenix|20616::Gary Riley|21189::Wil Wheaton|21357::Frances Lee McCain|26231::Bruce Kirby|37176::Richard Dreyfuss
11584	Bullets Over Broadway	1994	2643	20000000	13383747	266::Jack Warden|340::John Cusack|1472::Chazz Palminteri|2938::Edie Falco|4930::Rob Reiner|6451::Joe Viterelli|7015::Harvey Fierstein|7106::Jim Broadbent|8698::Jennifer Tilly|9293::Debi Mazar|11592::Mary-Louise Parker|11957::Dianne Wiest|12465::Tracey Ullman|12466::Stacy Nelkin|12468::Tony Darrow
15916	Mystic River	2003	1987	30000000	156822020	634::Laurence Fishburne|647::Sean Penn|658::Kevin Chapman|3145::Laura Linney|4949::Connor Paolo|5946::Marcia Gay Harden|6514::Tim Robbins|7287::Kevin Bacon|7494::Spencer Treat Clark|8371::Eli Wallach|14831::John Doman|15857::Ari Graynor|18394::Cayden Boyd|18571::Robert Wahlberg|18893::Emmy Rossum|24925::Ken Cheeseman|27961::Tom Guiry|31352::Jonathan Togo|31353::Will Lyman|31354::Michael McGovern|31355::Paul Barber
15606	Milk	2008	19046	20000000	54501383	243::James Franco|647::Sean Penn|5746::Emile Hirsch|5957::Josh Brolin|6969::Victor Garber|9614::Diego Luna|15436::Lucas Grabeel|15739::Alison Pill|15779::Stephen Spinella|17711::Joseph Cross|29255::Kelvin Han Yee|30306::Jeff Koons
20727	The Tree of Life	2011	8677	32000000	54303319	276::Brad Pitt|647::Sean Penn|6636::Kari Matchett|13929::Fiona Shaw|15954::Jessica Chastain|24554::Joanna Going|25336::Michael Showers|44950::Hunter McCracken|44951::Jackson Hurst
18000	Sweet and Lowdown	1999	2643		4197015	647::Sean Penn|741::Anthony LaPaglia|848::Gretchen Mol|1495::Brad Garrett|2643::Woody Allen|2689::Uma Thurman|4117::James Urbaniak|9414::John Waters|12468::Tony Darrow|14030::Douglas McGrath|14304::Brian Markinson|15264::Samantha Morton|37842::Molly Price|37843::Daniel Okrent|37844::Ben Duncan|37845::Nat Hentoff
17187	Saving Private Ryan	1998	1375	70000000	481840909	108::Adam Goldberg|365::Edward Burns|695::Barry Pepper|1031::Dale Dye|2370::Tom Hanks|2495::Vin Diesel|2659::Demetri Goritsas|5333::Leland Orser|5610::Matt Damon|6113::Paul Giamatti|7085::Dennis Farina|8172::Giovanni Ribisi|10278::Tom Sizemore|10803::Nathan Fillion|11260::Ted Danson|15445::Max Martini|15826::Bryan Cranston|16044::Jeremy Davies|19936::Harve Presnell|24866::Harrison Young|35393::Joerg Stadler
11783	Cast Away	2000	1597	90000000	429632142	2370::Tom Hanks|7688::Helen Hunt|10804::Jenifer Lewis|13854::Tom Hanks|13855::Nick Searcy|13856::Chris Noth|13857::Lari White|13858::Vince Martin|13859::Geoffrey Blake
17543	Sleepless in Seattle	1993	10058	21000000	227799884	1487::David Hyde Pierce|2370::Tom Hanks|4281::Dana Ivey|4290::Meg Ryan|4930::Rob Reiner|5275::Bill Pullman|6969::Victor Garber|8119::Rita Wilson|10480::Gaby Hoffmann|15179::Carey Lowell|20451::Barbara Garrick|36530::Ross Malinger
16498	Philadelphia	1993	9764	26000000	206678440	921::Charles Napier|1435::Joanne Woodward|1437::Jason Robards|1477::Roger Corman|2370::Tom Hanks|2647::Mary Steenburgen|3182::Denzel Washington|8196::Bradley Whitford|8768::Antonio Banderas|11462::Ron Vawter|12073::Roberta Maxwell|14902::Tracey Walter|16439::Anna Deavere Smith|21684::Chandra Wilson|33161::Buzz Kilman|33162::Karen Finley|33163::Julius Erving|33164::Ed Rendell
13522	Ghostbusters	1984	17048	30000000	291632124	352::Sigourney Weaver|10177::Rick Moranis|12792::Bill Murray
21155	Tootsie	1982	3938	21000000	177200000	1353::Dabney Coleman|2368::Geena Davis|3938::Sydney Pollack|4534::Teri Garr|4646::Dustin Hoffman|5569::Jessica Lange|6751::Lynne Thigpen|12792::Bill Murray|13909::Charles Durning|18692::Doris Belack|29718::Estelle Getty|30243::George Gaynes
22014	Zombieland	2009	802	23600000	102391542	603::Woody Harrelson|803::Jesse Eisenberg|12792::Bill Murray|16124::Emma Stone|17535::Abigail Breslin|19012::Amber Heard|32448::Mike White
13699	Groundhog Day	1993	4788	14600000	70906973	441::Brian Doyle-Murray|4268::Stephen Tobolowsky|4788::Harold Ramis|4822::Rick Overton|7499::Ken Hudson Campbell|8629::Andie MacDowell|10791::Rick Ducommun|12753::Chris Elliott|12792::Bill Murray|15175::Robin Duke|20728::Willie Garson|23288::Marita Geraghty
17108	Rushmore	1998	11520	20000000	17105219	698::Brian Cox|852::Luke Wilson|6334::Olivia Williams|6806::Seymour Cassel|7066::Kumar Pallana|7495::Mason Gamble|9087::Connie Nielsen|10059::Jason Schwartzman|12792::Bill Murray|32126::Sara Tanaka|35058::Stephen McCole
19465	The Jerk	1979	2145		73691419	1358::Ren Woods|2145::Carl Reiner|3144::Steve Martin|3146::Steve Martin|4079::Richard Ward|4842::M. Emmet Walsh|4930::Rob Reiner|5173::Bernadette Peters|6463::Bill Macy|6585::Maurice Evans|10378::Larry Hankin|12800::Jackie Mason|13999::Carl Gottlieb|35534::Mabel King|40123::Helena Carroll|41823::Catlin Adams
12580	Dirty Rotten Scoundrels	1988	6286		42039085	746::Glenne Headly|3146::Steve Martin|3444::Barbara Harris|4281::Dana Ivey|5015::Michael Caine|6141::Frances Conroy|13622::Anton Rodgers|15180::Louis Zorich|18171::Ian McDiarmid|18172::Meagen Fay
11796	Catch Me If You Can	2002	1375	52000000	352114312	1424::Nancy Lenehan|2160::James Brolin|2249::Leonardo DiCaprio|2264::Martin Sheen|2370::Tom Hanks|3557::Christopher Walken|13933::Amy Adams|13934::Nathalie Baye
18326	The Aviator	2004	2898	110000000	213741459	650::Danny Huston|1344::John C. Reilly|1377::Jude Law|2249::Leonardo DiCaprio|2387::Ian Holm|2669::Jane Lynch|4441::Willem Dafoe|5172::Alec Baldwin|6105::Matt Ross|6141::Frances Conroy|6362::Cate Blanchett|6979::Edward Herrmann|7623::Adam Scott|12075::Kate Beckinsale|12878::Alan Alda|13074::Stanley DeSantis|19089::Brent Spiner|22878::Kelli Garner|28645::Josie Maran|29375::J.C. MacKenzie|38694::Gwen Stefani
21660	What's Eating Gilbert Grape	1993	3750	11000000		1344::John C. Reilly|1346::Crispin Glover|2249::Leonardo DiCaprio|2647::Mary Steenburgen|2797::Johnny Depp|7041::Kevin Tighe|7294::Mary Kate Schellhardt|13116::Juliette Lewis|29935::Laura Harrington|47262::Darlene Cates
18365	The Basketball Diaries	1995	17814		2424439	2249::Leonardo DiCaprio|3016::Michael Imperioli|3161::Bruno Kirby|4779::Ernie Hudson|6168::Roy Cooper|11357::Mark Wahlberg|13116::Juliette Lewis|15163::Brittany Daniel|19951::Lorraine Bracco|24253::James Madio|38845::Alexander Chaplin|38846::Cynthia Daniel
